-- MySQL dump 10.13  Distrib 5.7.12, for Win64 (x86_64)
--
-- Host: localhost    Database: mydb
-- ------------------------------------------------------
-- Server version	5.7.17-log

/*!40101 SET @OLD_CHARACTER_SET_CLIENT=@@CHARACTER_SET_CLIENT */;
/*!40101 SET @OLD_CHARACTER_SET_RESULTS=@@CHARACTER_SET_RESULTS */;
/*!40101 SET @OLD_COLLATION_CONNECTION=@@COLLATION_CONNECTION */;
/*!40101 SET NAMES utf8 */;
/*!40103 SET @OLD_TIME_ZONE=@@TIME_ZONE */;
/*!40103 SET TIME_ZONE='+00:00' */;
/*!40014 SET @OLD_UNIQUE_CHECKS=@@UNIQUE_CHECKS, UNIQUE_CHECKS=0 */;
/*!40014 SET @OLD_FOREIGN_KEY_CHECKS=@@FOREIGN_KEY_CHECKS, FOREIGN_KEY_CHECKS=0 */;
/*!40101 SET @OLD_SQL_MODE=@@SQL_MODE, SQL_MODE='NO_AUTO_VALUE_ON_ZERO' */;
/*!40111 SET @OLD_SQL_NOTES=@@SQL_NOTES, SQL_NOTES=0 */;

--
-- Table structure for table `book`
--

DROP TABLE IF EXISTS `book`;
/*!40101 SET @saved_cs_client     = @@character_set_client */;
/*!40101 SET character_set_client = utf8 */;
CREATE TABLE `book` (
  `id` int(11) NOT NULL AUTO_INCREMENT,
  `bookname` varchar(45) DEFAULT NULL,
  `price` varchar(45) DEFAULT NULL,
  `reader_id` int(11) NOT NULL,
  `writer_id` int(11) NOT NULL,
  PRIMARY KEY (`id`),
  KEY `fk_book_reader_idx` (`reader_id`),
  KEY `fk_book_writer1_idx` (`writer_id`),
  CONSTRAINT `fk_book_reader` FOREIGN KEY (`reader_id`) REFERENCES `reader` (`id`) ON DELETE NO ACTION ON UPDATE NO ACTION,
  CONSTRAINT `fk_book_writer1` FOREIGN KEY (`writer_id`) REFERENCES `writer` (`id`) ON DELETE NO ACTION ON UPDATE NO ACTION
) ENGINE=InnoDB AUTO_INCREMENT=11 DEFAULT CHARSET=utf8;
/*!40101 SET character_set_client = @saved_cs_client */;

--
-- Dumping data for table `book`
--

LOCK TABLES `book` WRITE;
/*!40000 ALTER TABLE `book` DISABLE KEYS */;
INSERT INTO `book` VALUES (1,'green mile','10',2,1),(2,'Eugene Onegin','11',1,5),(3,'Call of the wild','9',3,2),(4,'shine','17',2,1),(10,'Ruslan and Ludmila','7',2,5);
/*!40000 ALTER TABLE `book` ENABLE KEYS */;
UNLOCK TABLES;

--
-- Table structure for table `reader`
--

DROP TABLE IF EXISTS `reader`;
/*!40101 SET @saved_cs_client     = @@character_set_client */;
/*!40101 SET character_set_client = utf8 */;
CREATE TABLE `reader` (
  `id` int(11) NOT NULL AUTO_INCREMENT,
  `name` varchar(45) DEFAULT NULL,
  `surname` varchar(45) DEFAULT NULL,
  `date_registration` date DEFAULT NULL,
  PRIMARY KEY (`id`)
) ENGINE=InnoDB AUTO_INCREMENT=5 DEFAULT CHARSET=utf8;
/*!40101 SET character_set_client = @saved_cs_client */;

--
-- Dumping data for table `reader`
--

LOCK TABLES `reader` WRITE;
/*!40000 ALTER TABLE `reader` DISABLE KEYS */;
INSERT INTO `reader` VALUES (1,'not booked',NULL,NULL),(2,'viktor','ivanov',NULL),(3,'vasiliy','petrov',NULL),(4,'evgenii','rodionov',NULL);
/*!40000 ALTER TABLE `reader` ENABLE KEYS */;
UNLOCK TABLES;

--
-- Table structure for table `writer`
--

DROP TABLE IF EXISTS `writer`;
/*!40101 SET @saved_cs_client     = @@character_set_client */;
/*!40101 SET character_set_client = utf8 */;
CREATE TABLE `writer` (
  `id` int(11) NOT NULL AUTO_INCREMENT,
  `name` varchar(45) DEFAULT NULL,
  `surname` varchar(45) DEFAULT NULL,
  `country` varchar(45) DEFAULT NULL,
  PRIMARY KEY (`id`)
) ENGINE=InnoDB AUTO_INCREMENT=8 DEFAULT CHARSET=utf8;
/*!40101 SET character_set_client = @saved_cs_client */;

--
-- Dumping data for table `writer`
--

LOCK TABLES `writer` WRITE;
/*!40000 ALTER TABLE `writer` DISABLE KEYS */;
INSERT INTO `writer` VALUES (1,'Stephen','King','USA'),(2,'Jack','London','USA'),(3,'Mark','Twain','USA'),(5,'Sergei','Pushkin','Russia'),(6,'Ivan','Turgenev','Russia'),(7,'Yanka','Kupala','Belarus');
/*!40000 ALTER TABLE `writer` ENABLE KEYS */;
UNLOCK TABLES;
/*!40103 SET TIME_ZONE=@OLD_TIME_ZONE */;

/*!40101 SET SQL_MODE=@OLD_SQL_MODE */;
/*!40014 SET FOREIGN_KEY_CHECKS=@OLD_FOREIGN_KEY_CHECKS */;
/*!40014 SET UNIQUE_CHECKS=@OLD_UNIQUE_CHECKS */;
/*!40101 SET CHARACTER_SET_CLIENT=@OLD_CHARACTER_SET_CLIENT */;
/*!40101 SET CHARACTER_SET_RESULTS=@OLD_CHARACTER_SET_RESULTS */;
/*!40101 SET COLLATION_CONNECTION=@OLD_COLLATION_CONNECTION */;
/*!40111 SET SQL_NOTES=@OLD_SQL_NOTES */;

-- Dump completed on 2017-02-03 17:12:28
